DRG Definition,Total Discharges,Average Covered Charges,Average Total Payments,Average Medicare Payments
470 - MAJOR JOINT REPLACEMENT OR REATTACHMENT OF LOWER EXTREMITY W/O MCC,459510,55995.62589,14999.0943,12218.58597
871 - SEPTICEMIA OR SEVERE SEPSIS W/O MV 96+ HOURS W MCC,439920,53040.96987,13728.95324,12098.61224
291 - HEART FAILURE & SHOCK W MCC,201431,41677.11988,10848.70686,9564.38852
292 - HEART FAILURE & SHOCK W CC,195057,27549.86945,7502.333364,6265.433135
"392 - ESOPHAGITIS, GASTROENT & MISC DIGEST DISORDERS W/O MCC",192848,24152.49984,5899.153831,4509.069106
690 - KIDNEY & URINARY TRACT INFECTIONS W/O MCC,162342,23094.8513,5961.040895,4744.505033
194 - SIMPLE PNEUMONIA & PLEURISY W CC,150770,28084.04009,7252.695543,5875.408304
683 - RENAL FAILURE W CC,147535,27178.32459,7328.193683,5983.776514
378 - G.I. HEMORRHAGE W CC,141752,29675.19639,7503.891628,6140.33565
872 - SEPTICEMIA OR SEVERE SEPSIS W/O MV 96+ HOURS W/O MCC,137756,30923.00944,8204.205668,6644.284931
190 - CHRONIC OBSTRUCTIVE PULMONARY DISEASE W MCC,137691,33221.22166,8451.047512,7088.078233
193 - SIMPLE PNEUMONIA & PLEURISY W MCC,135974,40481.27416,10221.9979,8810.663053
603 - CELLULITIS W/O MCC,129892,22863.91003,6518.016953,5072.8981
189 - PULMONARY EDEMA & RESPIRATORY FAILURE,118015,35636.8642,9208.174207,7823.194297
191 - CHRONIC OBSTRUCTIVE PULMONARY DISEASE W CC,115897,27016.89673,6947.293226,5672.029621
682 - RENAL FAILURE W MCC,112978,42667.80286,11372.54904,9938.485865
"641 - MISC DISORDERS OF NUTRITION,METABOLISM,FLUIDS/ELECTROLYTES W/O MCC",111997,21583.29525,5667.725609,4442.990848
065 - INTRACRANIAL HEMORRHAGE OR CEREBRAL INFARCTION W CC OR TPA IN 24 HRS,105473,34192.90918,8112.043518,6554.9916
309 - CARDIAC ARRHYTHMIA & CONDUCTION DISORDERS W CC,94674,23950.80567,6129.020967,4844.698629
885 - PSYCHOSES,93614,21670.89362,8541.428707,7135.060899
312 - SYNCOPE & COLLAPSE,89265,25272.14927,5946.823357,4662.809097
247 - PERC CARDIOVASC PROC W DRUG-ELUTING STENT W/O MCC,85735,77433.48442,15235.37685,12296.72779
"287 - CIRCULATORY DISORDERS EXCEPT AMI, W CARD CATH W/O MCC",83179,41737.72194,8434.816588,6613.954688
481 - HIP & FEMUR PROCEDURES EXCEPT MAJOR JOINT W CC,82061,55920.13633,13593.08394,11976.59121
310 - CARDIAC ARRHYTHMIA & CONDUCTION DISORDERS W/O CC/MCC,81252,17589.15645,4466.430205,3107.064318
460 - SPINAL FUSION EXCEPT CERVICAL W/O MCC,76752,104837.4034,28585.33659,24394.08709
689 - KIDNEY & URINARY TRACT INFECTIONS W MCC,75607,30812.35756,8123.369529,6903.666922
812 - RED BLOOD CELL DISORDERS W/O MCC,75205,25262.15815,6542.023522,5223.392248
064 - INTRACRANIAL HEMORRHAGE OR CEREBRAL INFARCTION W MCC,74393,53754.49463,13399.41607,11533.61115
192 - CHRONIC OBSTRUCTIVE PULMONARY DISEASE W/O CC/MCC,70430,21142.92461,5501.104103,4200.93632
313 - CHEST PAIN,70148,22545.05406,5168.52777,3924.947112
308 - CARDIAC ARRHYTHMIA & CONDUCTION DISORDERS W MCC,70119,35811.12726,9080.890572,7712.990887
177 - RESPIRATORY INFECTIONS & INFLAMMATIONS W MCC,68821,53157.85177,13697.44152,12238.06414
208 - RESPIRATORY SYSTEM DIAGNOSIS W VENTILATOR SUPPORT <96 HOURS,67151,70471.5434,16827.13977,14980.50394
"280 - ACUTE MYOCARDIAL INFARCTION, DISCHARGED ALIVE W MCC",65402,49995.84361,12457.28262,10966.49593
293 - HEART FAILURE & SHOCK W/O CC/MCC,64815,19704.03343,5292.34475,4174.882651
"640 - MISC DISORDERS OF NUTRITION,METABOLISM,FLUIDS/ELECTROLYTES W MCC",64168,32696.56424,8795.862096,7533.369452
069 - TRANSIENT ISCHEMIA,62538,25961.58787,5502.012712,4146.607487
853 - INFECTIOUS & PARASITIC DISEASES W O.R. PROCEDURE W MCC,59763,149501.6611,39428.65765,35802.32677
377 - G.I. HEMORRHAGE W MCC,58771,50999.68568,13097.08026,11617.97887
552 - MEDICAL BACK PROBLEMS W/O MCC,57234,27212.61138,6719.168344,5175.230632
195 - SIMPLE PNEUMONIA & PLEURISY W/O CC/MCC,55557,20721.30057,5353.187177,4008.634268
066 - INTRACRANIAL HEMORRHAGE OR CEREBRAL INFARCTION W/O CC/MCC,53182,26728.25289,6047.140198,4485.516697
389 - G.I. OBSTRUCTION W CC,53046,26623.36006,6782.085624,5367.094691
330 - MAJOR SMALL & LARGE BOWEL PROCEDURES W CC,52501,75176.81707,18663.71479,15835.28586
638 - DIABETES W CC,49211,24780.91664,6699.076324,5369.033549
314 - OTHER CIRCULATORY SYSTEM DIAGNOSES W MCC,47487,55960.46996,14893.97582,12967.09798
"391 - ESOPHAGITIS, GASTROENT & MISC DIGEST DISORDERS W MCC",46020,36758.89231,9363.657084,7894.333942
101 - SEIZURES W/O MCC,45909,26760.41545,6606.082446,5106.508049
394 - OTHER DIGESTIVE SYSTEM DIAGNOSES W CC,44331,29598.67756,7618.089305,6183.234012
178 - RESPIRATORY INFECTIONS & INFLAMMATIONS W CC,44262,38150.27805,9999.621843,8573.366612
"281 - ACUTE MYOCARDIAL INFARCTION, DISCHARGED ALIVE W CC",43529,32953.78088,7852.892233,6450.824347
948 - SIGNS & SYMPTOMS W/O MCC,41614,22724.22156,5776.114745,4544.406738
329 - MAJOR SMALL & LARGE BOWEL PROCEDURES W MCC,38789,146289.0295,37388.17018,33813.9522
897 - ALCOHOL/DRUG ABUSE OR DEPENDENCE W/O REHABILITATION THERAPY W/O MCC,38545,18237.1808,6165.078428,4940.635699
698 - OTHER KIDNEY & URINARY TRACT DIAGNOSES W MCC,37854,44440.26906,12182.07772,10459.45493
300 - PERIPHERAL VASCULAR DISORDERS W CC,37249,28144.96773,7574.644581,6194.249591
253 - OTHER VASCULAR PROCEDURES W CC,37022,80600.26814,18945.09705,16683.53998
176 - PULMONARY EMBOLISM W/O MCC,36520,28636.74885,7455.962486,5889.011473
390 - G.I. OBSTRUCTION W/O CC/MCC,36291,19529.83831,4902.907388,3470.248794
238 - MAJOR CARDIOVASC PROCEDURES W/O MCC,34642,99267.09024,24609.40794,21752.88797
870 - SEPTICEMIA OR SEVERE SEPSIS W MV 96+ HOURS,34296,177576.9809,44451.68923,40419.80986
246 - PERC CARDIOVASC PROC W DRUG-ELUTING STENT W MCC OR 4+ VESSELS/STENTS,32746,111681.3408,23792.62227,20993.12059
252 - OTHER VASCULAR PROCEDURES W MCC,32694,101042.005,24788.00688,22607.42448
202 - BRONCHITIS & ASTHMA W CC/MCC,32595,26769.4829,6886.915754,5374.577113
372 - MAJOR GASTROINTESTINAL DISORDERS & PERITONEAL INFECTIONS W CC,32442,31656.20344,8591.429628,7313.48018
811 - RED BLOOD CELL DISORDERS W MCC,31298,38175.00246,9841.186498,8437.699661
039 - EXTRACRANIAL PROCEDURES W/O CC/MCC,31078,35149.24146,7621.301564,6001.723502
699 - OTHER KIDNEY & URINARY TRACT DIAGNOSES W CC,30974,31181.83376,8433.648479,6816.673759
473 - CERVICAL SPINAL FUSION W/O CC/MCC,29490,63565.79661,15979.73052,13121.33177
"286 - CIRCULATORY DISORDERS EXCEPT AMI, W CARD CATH W MCC",29264,71505.77559,16784.86321,14285.83416
917 - POISONING & TOXIC EFFECTS OF DRUGS W MCC,29195,42756.86549,10879.92893,9295.923549
379 - G.I. HEMORRHAGE W/O CC/MCC,29031,20910.95508,5534.111846,4184.915814
057 - DEGENERATIVE NERVOUS SYSTEM DISORDERS W/O MCC,28463,30703.07916,8336.431262,6751.364157
207 - RESPIRATORY SYSTEM DIAGNOSIS W VENTILATOR SUPPORT 96+ HOURS,28219,157316.5499,38381.78653,34700.63921
243 - PERMANENT CARDIAC PACEMAKER IMPLANT W CC,28157,76483.45388,18608.67223,16750.69564
484 - MAJOR JOINT & LIMB REATTACHMENT PROC OF UPPER EXTREMITY W/O CC/MCC,28075,60725.21752,15574.76947,13082.08709
439 - DISORDERS OF PANCREAS EXCEPT MALIGNANCY W CC,27777,28245.67603,7261.300104,5666.260971
602 - CELLULITIS W MCC,27357,39050.5691,10714.88069,9231.935373
480 - HIP & FEMUR PROCEDURES EXCEPT MAJOR JOINT W MCC,27080,84265.48541,21035.52145,19224.49431
536 - FRACTURES OF HIP & PELVIS W/O MCC,26939,20654.76866,5449.565834,4170.575485
918 - POISONING & TOXIC EFFECTS OF DRUGS W/O MCC,26854,21271.29325,5456.772213,4238.108513
469 - MAJOR JOINT REPLACEMENT OR REATTACHMENT OF LOWER EXTREMITY W MCC,26739,87262.49557,22331.34448,20200.8445
482 - HIP & FEMUR PROCEDURES EXCEPT MAJOR JOINT W/O CC/MCC,25747,46479.24112,11526.47897,9834.572455
684 - RENAL FAILURE W/O CC/MCC,25408,18846.51291,4997.741341,3764.318286
"563 - FX, SPRN, STRN & DISL EXCEPT FEMUR, HIP, PELVIS & THIGH W/O MCC",25312,23352.09505,6072.289704,4607.295473
491 - BACK & NECK PROC EXC SPINAL FUSION W/O CC/MCC,25093,39055.68154,8625.113577,6456.999482
220 - CARDIAC VALVE & OTH MAJ CARDIOTHORACIC PROC W/O CARD CATH W CC,25082,165781.0733,39850.92365,35619.74352
418 - LAPAROSCOPIC CHOLECYSTECTOMY W/O C.D.E. W CC,24864,54049.8207,11732.23894,9798.178169
"282 - ACUTE MYOCARDIAL INFARCTION, DISCHARGED ALIVE W/O CC/MCC",24688,26599.73882,5849.11941,4511.910321
305 - HYPERTENSION W/O MCC,24497,21718.26375,5165.40605,3819.795689
331 - MAJOR SMALL & LARGE BOWEL PROCEDURES W/O CC/MCC,23928,49818.21974,12226.6433,9697.41161
074 - CRANIAL & PERIPHERAL NERVE DISORDERS W/O MCC,23690,29137.79375,7295.589658,5762.172309
100 - SEIZURES W MCC,23587,48535.07398,12100.46157,10401.44419
467 - REVISION OF HIP OR KNEE REPLACEMENT W CC,23153,92450.843,24070.6283,21082.83613
637 - DIABETES W MCC,22886,40263.15617,10540.28188,9055.792013
393 - OTHER DIGESTIVE SYSTEM DIAGNOSES W MCC,22709,49938.51385,13271.90308,11597.5832
315 - OTHER CIRCULATORY SYSTEM DIAGNOSES W CC,22569,30053.34282,7844.868536,6320.964509
251 - PERC CARDIOVASC PROC W/O CORONARY ARTERY STENT W/O MCC,22420,81786.37872,15674.29982,13032.18046
981 - EXTENSIVE O.R. PROCEDURE UNRELATED TO PRINCIPAL DIAGNOSIS W MCC,22419,140658.5708,36114.81319,32503.57554
219 - CARDIAC VALVE & OTH MAJ CARDIOTHORACIC PROC W/O CARD CATH W MCC,21347,237115.6447,60670.87684,55585.76306
244 - PERMANENT CARDIAC PACEMAKER IMPLANT W/O CC/MCC,20969,61891.45486,15134.57885,13213.67543
"493 - LOWER EXTREM & HUMER PROC EXCEPT HIP,FOOT,FEMUR W CC",20696,60738.67047,14689.55136,12368.6093
371 - MAJOR GASTROINTESTINAL DISORDERS & PERITONEAL INFECTIONS W MCC,20693,50226.59208,13926.63277,12310.25443
"442 - DISORDERS OF LIVER EXCEPT MALIG,CIRR,ALC HEPA W CC",20677,28997.41297,7807.089762,6323.376941
"441 - DISORDERS OF LIVER EXCEPT MALIG,CIRR,ALC HEPA W MCC",20463,57547.69091,15506.22216,13331.90734
236 - CORONARY BYPASS W/O CARDIAC CATH W/O MCC,20033,118689.2335,27094.94544,23036.67608
092 - OTHER DISORDERS OF NERVOUS SYSTEM W CC,19880,28754.69935,7117.151459,5697.990392
237 - MAJOR CARDIOVASC PROCEDURES W MCC,19667,159641.0001,40187.4082,36098.10957
180 - RESPIRATORY NEOPLASMS W MCC,19571,51836.45475,12792.28404,11102.57396
149 - DYSEQUILIBRIUM,19461,23587.22306,5242.546221,3840.417759
419 - LAPAROSCOPIC CHOLECYSTECTOMY W/O C.D.E. W/O CC/MCC,19128,42219.17383,9051.967744,7074.062265
884 - ORGANIC DISTURBANCES & MENTAL RETARDATION,19112,29132.09711,8663.293794,7181.590833
299 - PERIPHERAL VASCULAR DISORDERS W MCC,19075,41157.48896,10715.72346,9184.021232
303 - ATHEROSCLEROSIS W/O MCC,19006,21082.45138,5073.47827,3908.573556
175 - PULMONARY EMBOLISM W MCC,18692,43825.11037,10945.8455,9402.072544
166 - OTHER RESP SYSTEM O.R. PROCEDURES W MCC,18600,108000.8163,27384.26392,24264.94124
234 - CORONARY BYPASS W CARDIAC CATH W/O MCC,18332,153038.369,33557.15814,28518.05602
"004 - TRACH W MV 96+ HRS OR PDX EXC FACE, MOUTH & NECK W/O MAJ O.R.",18323,304220.7516,78549.96889,71454.97517
025 - CRANIOTOMY & ENDOVASCULAR INTRACRANIAL PROCEDURES W MCC,18296,136490.1679,34973.75033,30899.53722
388 - G.I. OBSTRUCTION W MCC,18200,46406.10923,12058.58181,10510.14593
"494 - LOWER EXTREM & HUMER PROC EXCEPT HIP,FOOT,FEMUR W/O CC/MCC",18159,46655.36428,11328.80874,9056.500138
490 - BACK & NECK PROC EXC SPINAL FUSION W CC/MCC OR DISC DEVICE/NEUROSTIM,17965,61186.20879,14478.42945,11984.11706
468 - REVISION OF HIP OR KNEE REPLACEMENT W/O CC/MCC,17767,74334.97,19825.86655,16592.41256
445 - DISORDERS OF THE BILIARY TRACT W CC,17590,34754.13059,8185.118988,6733.584423
242 - PERMANENT CARDIAC PACEMAKER IMPLANT W MCC,17546,106759.5066,26283.64573,24107.26234
249 - PERC CARDIOVASC PROC W NON-DRUG-ELUTING STENT W/O MCC,17384,69956.073,13523.85705,10988.85573
440 - DISORDERS OF PANCREAS EXCEPT MALIGNANCY W/O CC/MCC,17311,21254.11322,5274.390388,3750.258275
164 - MAJOR CHEST PROCEDURES W CC,16941,79635.03666,19894.27543,16712.30152
"086 - TRAUMATIC STUPOR & COMA, COMA <1 HR W CC",16925,36241.39173,8935.169631,7264.476928
"003 - ECMO OR TRACH W MV 96+ HRS OR PDX EXC FACE, MOUTH & NECK W MAJ O.R.",16873,515526.5213,136213.8255,122080.9737
809 - MAJOR HEMATOL/IMMUN DIAG EXC SICKLE CELL CRISIS & COAGUL W CC,16811,36601.5017,9698.646779,7991.754565
181 - RESPIRATORY NEOPLASMS W CC,16717,37524.95735,9220.794521,7643.830352
863 - POSTOPERATIVE & POST-TRAUMATIC INFECTIONS W/O MCC,16593,28600.90924,7806.43657,6496.941059
483 - MAJOR JOINT/LIMB REATTACHMENT PROCEDURE OF UPPER EXTREMITIES,16588,71911.6738,18254.61038,15808.55166
254 - OTHER VASCULAR PROCEDURES W/O CC/MCC,16407,54110.3802,12705.58384,10612.21832
071 - NONSPECIFIC CEREBROVASCULAR DISORDERS W CC,16046,30269.03334,7424.280631,6101.722236
203 - BRONCHITIS & ASTHMA W/O CC/MCC,15804,19916.31365,5344.490129,3879.649519
417 - LAPAROSCOPIC CHOLECYSTECTOMY W/O C.D.E. W MCC,15733,78625.9379,17905.83862,15752.27503
301 - PERIPHERAL VASCULAR DISORDERS W/O CC/MCC,15686,20125.6349,5434.621318,4147.14548
264 - OTHER CIRCULATORY SYSTEM O.R. PROCEDURES,15588,81301.44361,20878.94034,18666.38613
847 - CHEMOTHERAPY W/O ACUTE LEUKEMIA AS SECONDARY DIAGNOSIS W CC,15129,39592.55232,10126.71611,8501.396259
982 - EXTENSIVE O.R. PROCEDURE UNRELATED TO PRINCIPAL DIAGNOSIS W CC,15048,82115.51615,20682.60985,18244.53316
556 - SIGNS & SYMPTOMS OF MUSCULOSKELETAL SYSTEM & CONN TISSUE W/O MCC,14938,23791.14627,5940.015531,4614.259004
375 - DIGESTIVE MALIGNANCY W CC,14880,38491.29348,9926.154099,8217.187702
694 - URINARY STONES W/O ESW LITHOTRIPSY W/O MCC,14746,24928.4273,5545.304761,3987.411027
070 - NONSPECIFIC CEREBROVASCULAR DISORDERS W MCC,14731,47779.3957,12469.35103,10816.71455
"558 - TENDONITIS, MYOSITIS & BURSITIS W/O MCC",14667,25432.19738,6507.726597,5096.191314
395 - OTHER DIGESTIVE SYSTEM DIAGNOSES W/O CC/MCC,14485,22233.11301,5522.664273,4093.81933
920 - COMPLICATIONS OF TREATMENT W CC,14258,30543.24204,8180.063754,6687.815051
438 - DISORDERS OF PANCREAS EXCEPT MALIGNANCY W MCC,14237,51429.50425,13703.58404,11711.02346
639 - DIABETES W/O CC/MCC,14221,18079.0725,4936.269109,3709.877575
206 - OTHER RESPIRATORY SYSTEM DIAGNOSES W/O MCC,14176,26486.7421,6714.918101,5190.169018
669 - TRANSURETHRAL PROCEDURES W CC,13953,41570.34129,9384.551853,7704.417186
864 - FEVER,13929,26720.72367,6870.747721,5450.716275
204 - RESPIRATORY SIGNS & SYMPTOMS,13767,23963.1099,5747.859737,4464.461829
854 - INFECTIOUS & PARASITIC DISEASES W O.R. PROCEDURE W CC,13714,70749.47346,17860.93948,15462.5781
621 - O.R. PROCEDURES FOR OBESITY W/O CC/MCC,13689,47968.27146,11868.83461,9451.049967
"605 - TRAUMA TO THE SKIN, SUBCUT TISS & BREAST W/O MCC",13251,25690.81066,6345.499509,4783.034865
708 - MAJOR MALE PELVIC PROCEDURES W/O CC/MCC,13207,47052.30022,10549.69016,7452.99205
"087 - TRAUMATIC STUPOR & COMA, COMA <1 HR W/O CC/MCC",12931,26497.38211,6430.191169,4856.950971
554 - BONE DISEASES & ARTHROPATHIES W/O MCC,12774,21135.68099,6164.274777,4772.917724
336 - PERITONEAL ADHESIOLYSIS W CC,12742,69560.0959,17457.59229,14653.26942
947 - SIGNS & SYMPTOMS W MCC,12739,33804.57493,9217.344768,7765.171521
091 - OTHER DISORDERS OF NERVOUS SYSTEM W MCC,12587,47978.14682,12343.56773,10612.60412
644 - ENDOCRINE DISORDERS W CC,12565,29980.8698,7959.259451,6562.528691
472 - CERVICAL SPINAL FUSION W CC,12559,84619.70834,21641.04698,18338.10391
919 - COMPLICATIONS OF TREATMENT W MCC,12529,53824.59917,14533.72544,12481.55264
551 - MEDICAL BACK PROBLEMS W MCC,12526,46545.5685,12136.80688,10396.64801
543 - PATHOLOGICAL FRACTURES & MUSCULOSKELET & CONN TISS MALIG W CC,12525,34224.54467,8731.465389,7175.264511
435 - MALIGNANCY OF HEPATOBILIARY SYSTEM OR PANCREAS W MCC,12518,55777.49728,13997.98554,11910.98969
167 - OTHER RESP SYSTEM O.R. PROCEDURES W CC,12474,59352.3456,14704.47226,12402.49776
432 - CIRRHOSIS & ALCOHOLIC HEPATITIS W MCC,12379,50565.97399,13703.90387,11821.46619
233 - CORONARY BYPASS W CARDIAC CATH W MCC,12283,222812.3591,51347.8226,46209.17854
038 - EXTRACRANIAL PROCEDURES W CC,12231,51184.55825,11506.01758,9726.115281
444 - DISORDERS OF THE BILIARY TRACT W MCC,12024,50348.15311,12498.57577,10769.668
153 - OTITIS MEDIA & URI W/O MCC,11729,21831.99991,5631.626226,4074.573962
054 - NERVOUS SYSTEM NEOPLASMS W MCC,11680,44376.1226,10871.38853,8956.436558
743 - UTERINE & ADNEXA PROC FOR NON-MALIGNANCY W/O CC/MCC,11671,33967.6457,8361.735156,6162.674492
163 - MAJOR CHEST PROCEDURES W MCC,11633,147370.2112,37313.22539,33192.73008
"085 - TRAUMATIC STUPOR & COMA, COMA <1 HR W MCC",11533,62674.77387,15938.86101,13827.18946
216 - CARDIAC VALVE & OTH MAJ CARDIOTHORACIC PROC W CARD CATH W MCC,10845,294171.9234,73708.24112,67188.97529
027 - CRANIOTOMY & ENDOVASCULAR INTRACRANIAL PROCEDURES W/O CC/MCC,10625,77244.824,19037.52828,15800.20678
186 - PLEURAL EFFUSION W MCC,10609,45600.92685,11358.63983,9980.182392
"326 - STOMACH, ESOPHAGEAL & DUODENAL PROC W MCC",10602,162475.3827,42751.63026,38373.77551
103 - HEADACHES W/O MCC,10511,25116.54514,5915.510608,4079.329274
862 - POSTOPERATIVE & POST-TRAUMATIC INFECTIONS W MCC,10390,54241.07613,14817.09471,12808.39913
"617 - AMPUTAT OF LOWER LIMB FOR ENDOCRINE,NUTRIT,& METABOL DIS W CC",10145,56682.08083,14590.90872,12325.53573
"327 - STOMACH, ESOPHAGEAL & DUODENAL PROC W CC",10136,83095.20284,21105.70866,17667.47297
652 - KIDNEY TRANSPLANT,10090,207160.7546,38664.37364,27133.43697
462 - BILATERAL OR MULTIPLE MAJOR JOINT PROCS OF LOWER EXTREMITY W/O MCC,9989,85989.17559,25308.90219,20066.22094
056 - DEGENERATIVE NERVOUS SYSTEM DISORDERS W MCC,9953,51319.27359,13627.66784,11794.93339
250 - PERC CARDIOVASC PROC W/O CORONARY ARTERY STENT W MCC,9930,108928.0274,24049.35418,21312.8569
"283 - ACUTE MYOCARDIAL INFARCTION, EXPIRED W MCC",9923,54219.30676,13373.39434,11778.55094
179 - RESPIRATORY INFECTIONS & INFLAMMATIONS W/O CC/MCC,9871,27394.14669,7202.73569,5868.26127
248 - PERC CARDIOVASC PROC W NON-DRUG-ELUTING STENT W MCC OR 4+ VES/STENTS,9841,105267.2906,21852.61193,19531.7046
165 - MAJOR CHEST PROCEDURES W/O CC/MCC,9757,59280.79676,14271.35923,11540.36733
436 - MALIGNANCY OF HEPATOBILIARY SYSTEM OR PANCREAS W CC,9569,37702.18696,9199.471941,7507.084962
"328 - STOMACH, ESOPHAGEAL & DUODENAL PROC W/O CC/MCC",9552,49057.22383,11799.34883,9384.655151
673 - OTHER KIDNEY & URINARY TRACT PROCEDURES W MCC,9543,99043.73153,24827.54123,22155.04862
227 - CARDIAC DEFIBRILLATOR IMPLANT W/O CARDIAC CATH W/O MCC,9500,155184.8049,39936.30716,36127.39474
895 - ALCOHOL/DRUG ABUSE OR DEPENDENCE W REHABILITATION THERAPY,9380,16845.50704,8664.627612,7682.897868
516 - OTHER MUSCULOSKELET SYS & CONN TISS O.R. PROC W CC,9235,61723.89973,14411.29182,12519.53027
373 - MAJOR GASTROINTESTINAL DISORDERS & PERITONEAL INFECTIONS W/O CC/MCC,9212,22754.83597,6118.240881,4927.252931
239 - AMPUTATION FOR CIRC SYS DISORDERS EXC UPPER LIMB & TOE W MCC,9149,125571.2872,33464.18352,30353.81561
907 - OTHER O.R. PROCEDURES FOR INJURIES W MCC,9133,113899.1229,31146.21165,27568.96014
908 - OTHER O.R. PROCEDURES FOR INJURIES W CC,9011,59439.46066,15090.77572,12745.85496
093 - OTHER DISORDERS OF NERVOUS SYSTEM W/O CC/MCC,8919,24079.63583,5704.204956,4260.338715
240 - AMPUTATION FOR CIRC SYS DISORDERS EXC UPPER LIMB & TOE W CC,8894,72103.41253,18587.23105,16630.17843
386 - INFLAMMATORY BOWEL DISEASE W CC,8875,30919.41183,8014.786028,6246.093183
374 - DIGESTIVE MALIGNANCY W MCC,8789,61753.76106,16661.28183,14452.21584
235 - CORONARY BYPASS W/O CARDIAC CATH W MCC,8738,178364.9801,42744.71126,37931.8217
857 - POSTOPERATIVE OR POST-TRAUMATIC INFECTIONS W O.R. PROC W CC,8677,58230.33848,15206.54293,13127.54362
026 - CRANIOTOMY & ENDOVASCULAR INTRACRANIAL PROCEDURES W CC,8671,97156.79137,23989.03183,20645.8375
354 - HERNIA PROCEDURES EXCEPT INGUINAL & FEMORAL W CC,8669,51005.93298,12588.64252,10111.06471
896 - ALCOHOL/DRUG ABUSE OR DEPENDENCE W/O REHABILITATION THERAPY W MCC,8669,45418.57884,12142.08029,10482.08144
187 - PLEURAL EFFUSION W CC,8615,33039.41555,8176.641788,6916.150087
696 - KIDNEY & URINARY TRACT SIGNS & SYMPTOMS W/O MCC,8586,20537.27813,5484.283019,4315.649313
660 - KIDNEY & URETER PROCEDURES FOR NON-NEOPLASM W CC,8429,60382.89785,15088.14391,12509.68371
"464 - WND DEBRID & SKN GRFT EXC HAND, FOR MUSCULO-CONN TISS DIS W CC",8390,86107.36377,22413.45042,19239.4652
446 - DISORDERS OF THE BILIARY TRACT W/O CC/MCC,8324,26346.39921,6124.548534,4699.278472
073 - CRANIAL & PERIPHERAL NERVE DISORDERS W MCC,8304,40232.98772,11516.87729,9006.960742
"580 - OTHER SKIN, SUBCUT TISS & BREAST PROC W CC",8192,48928.53333,11847.44165,9663.621826
355 - HERNIA PROCEDURES EXCEPT INGUINAL & FEMORAL W/O CC/MCC,8158,38449.93528,9309.706546,7114.788306
813 - COAGULATION DISORDERS,8154,72046.2064,18407.77508,16652.15379
657 - KIDNEY & URETER PROCEDURES FOR NEOPLASM W CC,8113,65197.70997,15691.98213,13085.28929
643 - ENDOCRINE DISORDERS W MCC,8034,47170.85761,12484.44859,10849.00934
841 - LYMPHOMA & NON-ACUTE LEUKEMIA W CC,7932,51090.64574,13023.22542,11124.78933
808 - MAJOR HEMATOL/IMMUN DIAG EXC SICKLE CELL CRISIS & COAGUL W MCC,7784,67585.99859,18483.42613,16079.23818
200 - PNEUMOTHORAX W CC,7669,30966.67871,7700.05946,6002.651193
535 - FRACTURES OF HIP & PELVIS W MCC,7606,35120.72324,9534.511964,8158.973968
988 - NON-EXTENSIVE O.R. PROC UNRELATED TO PRINCIPAL DIAGNOSIS W CC,7562,52884.33946,13185.55144,11055.86631
433 - CIRRHOSIS & ALCOHOLIC HEPATITIS W CC,7483,28976.36964,7655.817587,6188.235601
205 - OTHER RESPIRATORY SYSTEM DIAGNOSES W MCC,7454,44606.42769,11656.41401,9592.190368
840 - LYMPHOMA & NON-ACUTE LEUKEMIA W MCC,7450,97340.9494,26349.33141,23053.77154
184 - MAJOR CHEST TRAUMA W CC,7326,33002.6967,8489.362408,6054.170352
356 - OTHER DIGESTIVE SYSTEM O.R. PROCEDURES W MCC,7279,109937.4139,28750.9706,25825.95219
196 - INTERSTITIAL LUNG DISEASE W MCC,7254,47085.30742,12696.39881,10834.13799
062 - ACUTE ISCHEMIC STROKE W USE OF THROMBOLYTIC AGENT W CC,7227,65396.5074,13900.64536,11800.066
311 - ANGINA PECTORIS,7044,20721.90474,4869.212095,3678.889693
987 - NON-EXTENSIVE O.R. PROC UNRELATED TO PRINCIPAL DIAGNOSIS W MCC,6930,91969.72309,24064.57633,21465.54387
357 - OTHER DIGESTIVE SYSTEM O.R. PROCEDURES W CC,6713,63395.13764,16117.5546,13828.0137
335 - PERITONEAL ADHESIOLYSIS W MCC,6695,120928.059,30275.60822,27031.68335
055 - NERVOUS SYSTEM NEOPLASMS W/O MCC,6632,35677.62545,8255.043426,6538.374849
337 - PERITONEAL ADHESIOLYSIS W/O CC/MCC,6602,47950.33687,11846.75719,9495.762799
478 - BIOPSIES OF MUSCULOSKELETAL SYSTEM & CONNECTIVE TISSUE W CC,6589,66295.27986,15782.55244,13722.39839
658 - KIDNEY & URETER PROCEDURES FOR NEOPLASM W/O CC/MCC,6550,51650.50733,11877.06458,9390.358321
742 - UTERINE & ADNEXA PROC FOR NON-MALIGNANCY W CC/MCC,6543,51521.10271,12563.18707,10041.88767
674 - OTHER KIDNEY & URINARY TRACT PROCEDURES W CC,6534,69573.66376,16946.40664,14710.55571
517 - OTHER MUSCULOSKELET SYS & CONN TISS O.R. PROC W/O CC/MCC,6316,52336.64123,12237.23686,10365.5266
041 - PERIPH/CRANIAL NERVE & OTHER NERV SYST PROC W CC OR PERIPH NEUROSTIM,6280,64531.08025,16544.9422,13951.58535
775 - VAGINAL DELIVERY W/O COMPLICATING DIAGNOSES,6258,13118.54043,5442.225951,3909.485778
856 - POSTOPERATIVE OR POST-TRAUMATIC INFECTIONS W O.R. PROC W MCC,6201,130460.0389,35838.35527,31696.34962
607 - MINOR SKIN DISORDERS W/O MCC,6166,21151.86182,6184.368959,4757.062439
880 - ACUTE ADJUSTMENT REACTION & PSYCHOSOCIAL DYSFUNCTION,6084,22992.35158,5723.561801,4370.844017
023 - CRANIO W MAJOR DEV IMPL/ACUTE COMPLEX CNS PDX W MCC OR CHEMO IMPLANT,6067,173823.0134,42712.79034,37817.34581
"562 - FX, SPRN, STRN & DISL EXCEPT FEMUR, HIP, PELVIS & THIGH W MCC",6013,39345.89157,10238.11774,8632.121903
"492 - LOWER EXTREM & HUMER PROC EXCEPT HIP,FOOT,FEMUR W MCC",5897,91497.7575,23295.99152,20524.4721
068 - NONSPECIFIC CVA & PRECEREBRAL OCCLUSION W/O INFARCT W/O MCC,5765,31223.29922,6775.043539,5415.086557
217 - CARDIAC VALVE & OTH MAJ CARDIOTHORACIC PROC W CARD CATH W CC,5755,196494.258,47998.95187,42899.2033
866 - VIRAL ILLNESS W/O MCC,5720,24996.01276,6631.16521,4928.471853
945 - REHABILITATION W CC/MCC,5704,22067.05803,16704.45284,15480.25333
728 - INFLAMMATION OF THE MALE REPRODUCTIVE SYSTEM W/O MCC,5626,23239.85745,6318.216673,4840.469072
316 - OTHER CIRCULATORY SYSTEM DIAGNOSES W/O CC/MCC,5582,21519.40039,5485.215514,4162.559119
700 - OTHER KIDNEY & URINARY TRACT DIAGNOSES W/O CC/MCC,5544,22042.50469,6039.561688,4653.958153
"581 - OTHER SKIN, SUBCUT TISS & BREAST PROC W/O CC/MCC",5521,39371.55352,8989.936787,6797.837348
384 - UNCOMPLICATED PEPTIC ULCER W/O MCC,5511,28141.31845,6537.544003,5058.932136
"579 - OTHER SKIN, SUBCUT TISS & BREAST PROC W MCC",5474,72535.51206,18850.01187,16587.38199
381 - COMPLICATED PEPTIC ULCER W CC,5439,33165.16014,8407.57768,6880.677882
"894 - ALCOHOL/DRUG ABUSE OR DEPENDENCE, LEFT AMA",5437,11982.35093,4892.9794,3980.421188
"406 - PANCREAS, LIVER & SHUNT PROCEDURES W CC",5320,94806.30526,24157.30846,20224.23252
974 - HIV W MAJOR RELATED CONDITION W MCC,5244,86414.88234,23983.15389,21615.15313
"629 - OTHER ENDOCRINE, NUTRIT & METAB O.R. PROC W CC",5200,63091.91058,15772.36135,13471.34269
542 - PATHOLOGICAL FRACTURES & MUSCULOSKELET & CONN TISS MALIG W MCC,5159,55735.47877,14712.50572,12735.15468
"956 - LIMB REATTACHMENT, HIP & FEMUR PROC FOR MULTIPLE SIGNIFICANT TRAUMA",5119,106725.9224,28373.10373,24838.18402
592 - SKIN ULCERS W MCC,5108,36806.17639,10531.32224,9095.468677
546 - CONNECTIVE TISSUE DISORDERS W CC,5010,35724.20259,10004.42555,8130.054691
501 - SOFT TISSUE PROCEDURES W CC,4955,48338.51826,12194.25812,10116.7552
221 - CARDIAC VALVE & OTH MAJ CARDIOTHORACIC PROC W/O CARD CATH W/O CC/MCC,4950,144547.6432,34298.43111,30479.93333
645 - ENDOCRINE DISORDERS W/O CC/MCC,4916,22279.54251,5776.249797,4437.815094
369 - MAJOR ESOPHAGEAL DISORDERS W CC,4898,32348.34973,8084.639853,6668.256431
454 - COMBINED ANTERIOR/POSTERIOR SPINAL FUSION W CC,4863,227493.899,62068.16554,54383.54534
"155 - OTHER EAR, NOSE, MOUTH & THROAT DIAGNOSES W CC",4862,27207.77458,7061.034348,5591.763677
"463 - WND DEBRID & SKN GRFT EXC HAND, FOR MUSCULO-CONN TISS DIS W MCC",4836,137212.267,37674.61208,33467.58065
867 - OTHER INFECTIOUS & PARASITIC DISEASES DIAGNOSES W MCC,4829,78502.98509,21371.61358,18743.45455
496 - LOCAL EXCISION & REMOVAL INT FIX DEVICES EXC HIP & FEMUR W CC,4804,53591.56953,13567.27206,11289.17569
714 - TRANSURETHRAL PROSTATECTOMY W/O CC/MCC,4770,26161.73166,6163.253459,4450.707757
302 - ATHEROSCLEROSIS W MCC,4753,32194.03976,8517.244477,7367.69009
"560 - AFTERCARE, MUSCULOSKELETAL SYSTEM & CONNECTIVE TISSUE W CC",4742,30040.30725,8042.943484,6822.355968
571 - SKIN DEBRIDEMENT W CC,4737,40032.49082,10672.40954,8858.420519
072 - NONSPECIFIC CEREBROVASCULAR DISORDERS W/O CC/MCC,4733,25023.01521,5611.712022,4231.500528
713 - TRANSURETHRAL PROSTATECTOMY W CC/MCC,4727,46231.49841,10487.68648,8970.415062
226 - CARDIAC DEFIBRILLATOR IMPLANT W/O CARDIAC CATH W MCC,4726,198330.205,51333.66229,47502.19636
040 - PERIPH/CRANIAL NERVE & OTHER NERV SYST PROC W MCC,4625,114343.6417,29455.48195,25883.56886
881 - DEPRESSIVE NEUROSES,4624,14523.94118,5512.672794,4345.274221
459 - SPINAL FUSION EXCEPT CERVICAL W MCC,4596,172477.3897,47174.55396,42332.42885
307 - CARDIAC CONGENITAL & VALVULAR DISORDERS W/O MCC,4581,25552.67802,6708.067234,5444.600306
916 - ALLERGIC REACTIONS W/O MCC,4580,16878.67948,4698.021179,3357.256987
199 - PNEUMOTHORAX W MCC,4564,50631.44851,13322.73729,11432.25723
061 - ACUTE ISCHEMIC STROKE W USE OF THROMBOLYTIC AGENT W MCC,4531,89596.22313,20925.58552,18342.1748
"405 - PANCREAS, LIVER & SHUNT PROCEDURES W MCC",4507,178616.6525,47883.02263,41903.77213
455 - COMBINED ANTERIOR/POSTERIOR SPINAL FUSION W/O CC/MCC,4472,166768.5025,45867.8636,39269.72719
593 - SKIN ULCERS W CC,4467,26813.04925,7818.676069,6427.512648
921 - COMPLICATIONS OF TREATMENT W/O CC/MCC,4466,21268.19704,5676.716749,4482.091581
037 - EXTRACRANIAL PROCEDURES W MCC,4418,96998.8737,23418.49434,20700.95903
"557 - TENDONITIS, MYOSITIS & BURSITIS W MCC",4399,41688.77972,10858.1398,9199.574221
197 - INTERSTITIAL LUNG DISEASE W CC,4345,31414.91277,8441.279632,6821.157192
659 - KIDNEY & URETER PROCEDURES FOR NON-NEOPLASM W MCC,4180,105320.1859,27363.91962,24085.94282
620 - O.R. PROCEDURES FOR OBESITY W CC,4170,58669.95971,15009.63909,12186.04508
466 - REVISION OF HIP OR KNEE REPLACEMENT W MCC,4114,131810.0664,35214.13977,32418.09383
475 - AMPUTATION FOR MUSCULOSKELETAL SYS & CONN TISSUE DIS W CC,4076,58540.77061,14966.63199,12738.18499
457 - SPINAL FUS EXC CERV W SPINAL CURV/MALIG/INFEC OR 9+ FUS W CC,4040,204465.2604,54931.72673,48875.6349
707 - MAJOR MALE PELVIC PROCEDURES W CC/MCC,4031,60480.92037,14968.41057,11471.83453
765 - CESAREAN SECTION W CC/MCC,4026,31550.18554,10514.29334,8483.909339
333 - RECTAL RESECTION W CC,4007,72960.13876,18017.90117,15173.14724
"443 - DISORDERS OF LIVER EXCEPT MALIG,CIRR,ALC HEPA W/O CC/MCC",3994,21322.66775,5651.225839,4300.576615
151 - EPISTAXIS W/O MCC,3992,19795.07164,5442.989228,4223.102455
489 - KNEE PROCEDURES W/O PDX OF INFECTION W/O CC/MCC,3976,38170.51911,9387.151911,7404.082998
570 - SKIN DEBRIDEMENT W MCC,3941,61473.40675,17002.8541,15033.23192
914 - TRAUMATIC INJURY W/O MCC,3935,23749.87598,6066.240661,4627.311055
565 - OTHER MUSCULOSKELETAL SYS & CONNECTIVE TISSUE DIAGNOSES W CC,3929,28591.12624,7628.679817,6131.226012
348 - ANAL & STOMAL PROCEDURES W CC,3924,44518.54613,10576.94827,8674.61366
834 - ACUTE LEUKEMIA W/O MAJOR O.R. PROCEDURE W MCC,3909,173131.2494,51864.72704,43705.69685
036 - CAROTID ARTERY STENT PROCEDURE W/O CC/MCC,3878,50897.73259,12188.02914,10407.49304
415 - CHOLECYSTECTOMY EXCEPT BY LAPAROSCOPE W/O C.D.E. W CC,3870,62468.29432,14679.82222,12381.33773
654 - MAJOR BLADDER PROCEDURES W CC,3829,96543.92975,24136.67328,20124.77226
351 - INGUINAL & FEMORAL HERNIA PROCEDURES W CC,3815,45317.12792,10180.64587,8529.800524
152 - OTITIS MEDIA & URI W MCC,3792,31866.47257,8473.523998,6824.312236
343 - APPENDECTOMY W/O COMPLICATED PRINCIPAL DIAG W/O CC/MCC,3764,35487.8212,7370.01594,5394.500531
596 - MAJOR SKIN DISORDERS W/O MCC,3747,27089.52362,7809.818788,6216.534294
081 - NONTRAUMATIC STUPOR & COMA W/O MCC,3725,24636.14309,6321.594631,5090.263893
515 - OTHER MUSCULOSKELET SYS & CONN TISS O.R. PROC W MCC,3719,95514.65717,24412.24227,21852.98682
540 - OSTEOMYELITIS W CC,3691,35550.8621,9914.560824,8277.278244
387 - INFLAMMATORY BOWEL DISEASE W/O CC/MCC,3676,23782.81774,6126.582699,4549.539989
909 - OTHER O.R. PROCEDURES FOR INJURIES W/O CC/MCC,3658,39880.63778,9856.562603,7809.352925
668 - TRANSURETHRAL PROCEDURES W MCC,3650,74468.66027,19030.66575,17080.55205
352 - INGUINAL & FEMORAL HERNIA PROCEDURES W/O CC/MCC,3646,32822.52359,7255.791278,5625.061437
748 - FEMALE REPRODUCTIVE SYSTEM RECONSTRUCTIVE PROCEDURES,3640,36603.45714,8489.279396,6410.119231
304 - HYPERTENSION W MCC,3636,31500.42904,8023.488174,6586.339109
545 - CONNECTIVE TISSUE DISORDERS W MCC,3616,72550.89408,21547.22871,18249.50968
029 - SPINAL PROCEDURES W CC OR SPINAL NEUROSTIMULATORS,3611,93260.9075,24544.68181,20662.53005
"628 - OTHER ENDOCRINE, NUTRIT & METAB O.R. PROC W MCC",3598,99858.97693,25691.58199,23102.89327
368 - MAJOR ESOPHAGEAL DISORDERS W MCC,3573,54497.77806,14308.02043,12618.85754
502 - SOFT TISSUE PROCEDURES W/O CC/MCC,3555,36874.46948,9105.509142,7004.926582
183 - MAJOR CHEST TRAUMA W MCC,3525,45163.22411,11895.14752,9512.944397
306 - CARDIAC CONGENITAL & VALVULAR DISORDERS W MCC,3509,41873.556,12311.68595,10803.86178
471 - CERVICAL SPINAL FUSION W MCC,3499,146227.3361,37885.42898,34187.39983
544 - PATHOLOGICAL FRACTURES & MUSCULOSKELET & CONN TISS MALIG W/O CC/MCC,3484,24012.43054,6076.627727,4760.660161
"512 - SHOULDER,ELBOW OR FOREARM PROC,EXC MAJOR JOINT PROC W/O CC/MCC",3475,41496.51281,9244.63223,7450.038849
670 - TRANSURETHRAL PROCEDURES W/O CC/MCC,3456,29870.57292,6567.216725,5029.432292
125 - OTHER DISORDERS OF THE EYE W/O MCC,3453,23475.96843,6194.413553,4567.446858
"511 - SHOULDER,ELBOW OR FOREARM PROC,EXC MAJOR JOINT PROC W CC",3437,52146.64038,11691.95665,9618.22316
345 - MINOR SMALL & LARGE BOWEL PROCEDURES W CC,3411,48954.87335,13201.98886,10740.47024
488 - KNEE PROCEDURES W/O PDX OF INFECTION W CC/MCC,3403,51026.88422,12926.11901,10596.46283
"627 - THYROID, PARATHYROID & THYROGLOSSAL PROCEDURES W/O CC/MCC",3359,32830.75856,7335.549866,5349.885383
964 - OTHER MULTIPLE SIGNIFICANT TRAUMA W CC,3347,47032.86376,12182.77383,9170.527039
661 - KIDNEY & URETER PROCEDURES FOR NON-NEOPLASM W/O CC/MCC,3319,47014.19675,10929.52787,8566.269358
656 - KIDNEY & URETER PROCEDURES FOR NEOPLASM W MCC,3316,111396.2238,28985.69511,25534.72587
"082 - TRAUMATIC STUPOR & COMA, COMA >1 HR W MCC",3296,67267.5537,17439.74242,14912.74848
497 - LOCAL EXCISION & REMOVAL INT FIX DEVICES EXC HIP & FEMUR W/O CC/MCC,3289,39178.04621,9452.125874,7320.934327
353 - HERNIA PROCEDURES EXCEPT INGUINAL & FEMORAL W MCC,3245,88533.0906,21541.75223,18747.8869
059 - MULTIPLE SCLEROSIS & CEREBELLAR ATAXIA W CC,3239,32343.17475,8953.599259,6721.206854
983 - EXTENSIVE O.R. PROCEDURE UNRELATED TO PRINCIPAL DIAGNOSIS W/O CC/MCC,3235,55740.94467,13257.54219,11128.51036
261 - CARDIAC PACEMAKER REVISION EXCEPT DEVICE REPLACEMENT W CC,3220,57920.58199,13379.26273,11436.76056
"623 - SKIN GRAFTS & WOUND DEBRID FOR ENDOC, NUTRIT & METAB DIS W CC",3218,51884.60752,13483.17526,11438.02486
474 - AMPUTATION FOR MUSCULOSKELETAL SYS & CONN TISSUE DIS W MCC,3206,98991.15533,26516.96351,23918.34872
158 - DENTAL & ORAL DISEASES W CC,3138,26811.27884,7297.885915,5698.869344
555 - SIGNS & SYMPTOMS OF MUSCULOSKELETAL SYSTEM & CONN TISSUE W MCC,3105,39544.80483,10173.40676,8657.2657
414 - CHOLECYSTECTOMY EXCEPT BY LAPAROSCOPE W/O C.D.E. W MCC,3092,106447.0841,26120.49483,23440.59347
865 - VIRAL ILLNESS W MCC,3079,48294.68594,14812.44917,12432.85158
060 - MULTIPLE SCLEROSIS & CEREBELLAR ATAXIA W/O CC/MCC,3078,26720.53346,7272.033463,5128.10104
504 - FOOT PROCEDURES W CC,3067,47514.13009,12280.03228,10346.84284
380 - COMPLICATED PEPTIC ULCER W MCC,3040,59642.76612,14647.77401,12886.03487
078 - HYPERTENSIVE ENCEPHALOPATHY W CC,3029,31069.64279,7303.997689,5745.323209
"296 - CARDIAC ARREST, UNEXPLAINED W MCC",3016,44169.42076,10398.25332,9001.142905
"755 - MALIGNANCY, FEMALE REPRODUCTIVE SYSTEM W CC",3011,34856.08502,9030.260379,7454.694786
726 - BENIGN PROSTATIC HYPERTROPHY W/O MCC,2998,22206.77985,5988.643429,4635.66511
486 - KNEE PROCEDURES W PDX OF INFECTION W CC,2994,61698.34168,14989.16199,12828.36206
975 - HIV W MAJOR RELATED CONDITION W CC,2981,43758.11741,12517.45522,10688.48574
534 - FRACTURES OF FEMUR W/O MCC,2980,20176.68423,5614.1,4344.461745
"740 - UTERINE,ADNEXA PROC FOR NON-OVARIAN/ADNEXAL MALIG W CC",2947,58475.83475,13450.84527,11025.92467
"561 - AFTERCARE, MUSCULOSKELETAL SYSTEM & CONNECTIVE TISSUE W/O CC/MCC",2942,20076.28994,5366.168253,4281.531951
339 - APPENDECTOMY W COMPLICATED PRINCIPAL DIAG W CC,2924,55407.77497,12506.62107,10106.829
815 - RETICULOENDOTHELIAL & IMMUNITY DISORDERS W CC,2919,31548.83248,8112.22816,6679.653306
846 - CHEMOTHERAPY W/O ACUTE LEUKEMIA AS SECONDARY DIAGNOSIS W MCC,2900,81776.81172,23350.7631,20254.8769
781 - OTHER ANTEPARTUM DIAGNOSES W MEDICAL COMPLICATIONS,2881,23373.44533,8224.788962,6587.068032
"741 - UTERINE,ADNEXA PROC FOR NON-OVARIAN/ADNEXAL MALIG W/O CC/MCC",2816,43420.62926,9771.382813,7550.691051
737 - UTERINE & ADNEXA PROC FOR OVARIAN OR ADNEXAL MALIGNANCY W CC,2811,66589.49093,16546.03131,13709.23088
539 - OSTEOMYELITIS W MCC,2776,50170.83898,14271.86707,12323.11167
030 - SPINAL PROCEDURES W/O CC/MCC,2757,54397.98404,14586.63185,11718.85782
334 - RECTAL RESECTION W/O CC/MCC,2757,50723.45956,12108.52666,9692.728691
"604 - TRAUMA TO THE SKIN, SUBCUT TISS & BREAST W MCC",2752,41816.12791,10600.52471,9222.329942
256 - UPPER LIMB & TOE AMPUTATION FOR CIRC SYSTEM DISORDERS W CC,2745,45475.36029,11886.64663,10122.44226
033 - VENTRICULAR SHUNT PROCEDURES W/O CC/MCC,2733,48172.61142,11962.25357,10130.28064
"083 - TRAUMATIC STUPOR & COMA, COMA >1 HR W CC",2732,43884.56772,11392.91288,9166.355051
946 - REHABILITATION W/O CC/MCC,2722,17199.01543,10570.68516,9969.91036
477 - BIOPSIES OF MUSCULOSKELETAL SYSTEM & CONNECTIVE TISSUE W MCC,2698,92603.70904,24199.2387,21414.34285
583 - MASTECTOMY FOR MALIGNANCY W/O CC/MCC,2695,39984.19555,8235.366976,6138.152876
340 - APPENDECTOMY W COMPLICATED PRINCIPAL DIAG W/O CC/MCC,2694,38403.97921,8991.053452,6719.723088
346 - MINOR SMALL & LARGE BOWEL PROCEDURES W/O CC/MCC,2660,36602.11278,9489.521805,7546.924812
766 - CESAREAN SECTION W/O CC/MCC,2659,20179.95186,6735.594961,5043.708913
168 - OTHER RESP SYSTEM O.R. PROCEDURES W/O CC/MCC,2633,41854.78238,10053.38473,8093.525636
123 - NEUROLOGICAL EYE DISORDERS,2612,27438.43224,6204.328484,4510.54441
835 - ACUTE LEUKEMIA W/O MAJOR O.R. PROCEDURE W CC,2555,69510.43523,19734.52838,16497.00744
687 - KIDNEY & URINARY TRACT NEOPLASMS W CC,2530,32101.79526,8194.990119,6840.413834
693 - URINARY STONES W/O ESW LITHOTRIPSY W MCC,2373,41925.5276,10678.94142,9019.434893
201 - PNEUMOTHORAX W/O CC/MCC,2371,21416.34838,5722.89245,4229.698439
810 - MAJOR HEMATOL/IMMUN DIAG EXC SICKLE CELL CRISIS & COAGUL W/O CC/MCC,2368,27022.74029,6866.152872,5386.451014
342 - APPENDECTOMY W/O COMPLICATED PRINCIPAL DIAG W CC,2353,44224.09902,9674.138972,7686.311517
844 - OTHER MYELOPROLIF DIS OR POORLY DIFF NEOPL DIAG W CC,2336,35396.76755,9445.329623,7829.952055
349 - ANAL & STOMAL PROCEDURES W/O CC/MCC,2333,29822.23575,7165.312473,5377.63652
"559 - AFTERCARE, MUSCULOSKELETAL SYSTEM & CONNECTIVE TISSUE W MCC",2333,52868.46807,14544.76468,13063.12045
063 - ACUTE ISCHEMIC STROKE W USE OF THROMBOLYTIC AGENT W/O CC/MCC,2329,55929.80721,11336.89695,9257.46243
089 - CONCUSSION W CC,2326,33316.73345,7775.61135,5952.823732
824 - LYMPHOMA & NON-ACUTE LEUKEMIA W OTHER O.R. PROC W CC,2279,77869.56297,17821.65029,15038.0057
032 - VENTRICULAR SHUNT PROCEDURES W CC,2266,63307.26831,15927.98544,13671.3323
"084 - TRAUMATIC STUPOR & COMA, COMA >1 HR W/O CC/MCC",2266,30059.7895,7982.302295,6051.135922
416 - CHOLECYSTECTOMY EXCEPT BY LAPAROSCOPE W/O C.D.E. W/O CC/MCC,2263,42917.0517,10007.61821,8086.746796
479 - BIOPSIES OF MUSCULOSKELETAL SYSTEM & CONNECTIVE TISSUE W/O CC/MCC,2262,52399.91335,12436.63174,10633.96684
255 - UPPER LIMB & TOE AMPUTATION FOR CIRC SYSTEM DISORDERS W MCC,2257,71701.23527,18939.6132,17010.91493
553 - BONE DISEASES & ARTHROPATHIES W MCC,2257,40626.35312,11444.87771,9788.853788
963 - OTHER MULTIPLE SIGNIFICANT TRAUMA W MCC,2250,85064.388,23925.04178,19951.45644
573 - SKIN GRAFT FOR SKIN ULCER OR CELLULITIS W MCC,2239,97631.9272,25633.42206,21912.80884
977 - HIV W OR W/O OTHER RELATED CONDITION,2234,37494.02507,10599.41943,9048.231423
"154 - OTHER EAR, NOSE, MOUTH & THROAT DIAGNOSES W MCC",2231,42983.37293,11237.00045,9571.549081
224 - CARDIAC DEFIB IMPLANT W CARDIAC CATH W/O AMI/HF/SHOCK W MCC,2226,229400.9825,58257.40701,52398.62129
225 - CARDIAC DEFIB IMPLANT W CARDIAC CATH W/O AMI/HF/SHOCK W/O MCC,2217,173251.6152,42593.02481,37767.09247
774 - VAGINAL DELIVERY W COMPLICATING DIAGNOSES,2212,18508.78029,7611.620253,5857.17179
"133 - OTHER EAR, NOSE, MOUTH & THROAT O.R. PROCEDURES W CC/MCC",2210,63994.20181,17175.10452,13437.52308
"465 - WND DEBRID & SKN GRFT EXC HAND, FOR MUSCULO-CONN TISS DIS W/O CC/MCC",2207,59087.73901,15085.55732,12599.6715
042 - PERIPH/CRANIAL NERVE & OTHER NERV SYST PROC W/O CC/MCC,2196,59016.48907,14855.16257,11836.6102
582 - MASTECTOMY FOR MALIGNANCY W CC/MCC,2185,44724.14371,9694.376201,7660.716247
"747 - VAGINA, CERVIX & VULVA PROCEDURES W/O CC/MCC",2185,31132.373,7528.733181,5558.081922
028 - SPINAL PROCEDURES W MCC,2164,161590.4852,43618.74214,38042.25924
"923 - OTHER INJURY, POISONING & TOXIC EFFECT DIAG W/O MCC",2158,25192.8355,6478.705746,4942.399907
989 - NON-EXTENSIVE O.R. PROC UNRELATED TO PRINCIPAL DIAGNOSIS W/O CC/MCC,2149,33730.0591,8092.338297,6359.451838
385 - INFLAMMATORY BOWEL DISEASE W MCC,2137,52309.42162,14034.25222,11858.3051
564 - OTHER MUSCULOSKELETAL SYS & CONNECTIVE TISSUE DIAGNOSES W MCC,2125,44056.35482,12032.26212,10453.78165
035 - CAROTID ARTERY STENT PROCEDURE W CC,2121,70371.93588,15930.96747,13998.10184
868 - OTHER INFECTIOUS & PARASITIC DISEASES DIAGNOSES W CC,2082,30627.14457,8625.647935,6853.009126
"156 - OTHER EAR, NOSE, MOUTH & THROAT DIAGNOSES W/O CC/MCC",2080,21373.81587,5291.713942,3890.344712
685 - ADMIT FOR RENAL DIALYSIS,2076,28284.47158,7739.409923,6449.378613
188 - PLEURAL EFFUSION W/O CC/MCC,2058,24530.01118,5901.542274,4731.886783
547 - CONNECTIVE TISSUE DISORDERS W/O CC/MCC,2053,25465.04822,7086.285436,5371.347297
229 - OTHER CARDIOTHORACIC PROCEDURES W CC,2040,146955.9324,33352.68186,28839.79412
842 - LYMPHOMA & NON-ACUTE LEUKEMIA W/O CC/MCC,2035,37168.2914,9064.782801,7294.839312
185 - MAJOR CHEST TRAUMA W/O CC/MCC,2033,24011.31087,6473.614363,4071.624201
024 - CRANIO W MAJOR DEV IMPL/ACUTE COMPLEX CNS PDX W/O MCC,2018,120690.8801,29290.52874,25253.18533
"616 - AMPUTAT OF LOWER LIMB FOR ENDOCRINE,NUTRIT,& METABOL DIS W MCC",2014,108792.3401,28371.04071,25352.53575
915 - ALLERGIC REACTIONS W MCC,2014,48753.52979,11944.2145,10118.33366
077 - HYPERTENSIVE ENCEPHALOPATHY W MCC,2013,48360.14009,12555.57526,10984.54844
904 - SKIN GRAFTS FOR INJURIES W CC/MCC,1958,98469.29469,28326.55465,24450.62462
260 - CARDIAC PACEMAKER REVISION EXCEPT DEVICE REPLACEMENT W MCC,1954,115647.4427,30401.77687,26954.8869
935 - NON-EXTENSIVE BURNS,1952,44356.67725,14997.9749,11995.38064
957 - OTHER O.R. PROCEDURES FOR MULTIPLE SIGNIFICANT TRAUMA W MCC,1944,216579.7891,61101.17901,51816.30041
572 - SKIN DEBRIDEMENT W/O CC/MCC,1917,29554.26604,7643.835159,5811.125196
"407 - PANCREAS, LIVER & SHUNT PROCEDURES W/O CC/MCC",1908,69875.57023,17200.424,13779.43763
882 - NEUROSES EXCEPT DEPRESSIVE,1886,16104.4438,5844.910923,4597.117179
259 - CARDIAC PACEMAKER DEVICE REPLACEMENT W/O MCC,1885,57052.04987,14142.21273,12506.53952
"284 - ACUTE MYOCARDIAL INFARCTION, EXPIRED W CC",1883,26015.91928,6033.559214,4877.769517
"012 - TRACHEOSTOMY FOR FACE,MOUTH & NECK DIAGNOSES W CC",1874,118002.7743,30650.01921,25346.47759
760 - MENSTRUAL & OTHER FEMALE REPRODUCTIVE SYSTEM DISORDERS W CC/MCC,1871,26263.35649,7000.696954,5662.640299
001 - HEART TRANSPLANT OR IMPLANT OF HEART ASSIST SYSTEM W MCC,1822,900766.1432,252321.5582,217307.2799
500 - SOFT TISSUE PROCEDURES W MCC,1818,101017.2272,25400.66007,22433.35039
837 - CHEMO W ACUTE LEUKEMIA AS SDX OR W HIGH DOSE CHEMO AGENT W MCC,1818,191522.0743,59855.86689,49854.82288
"758 - INFECTIONS, FEMALE REPRODUCTIVE SYSTEM W CC",1809,30163.30072,8258.589276,6901.726368
245 - AICD GENERATOR PROCEDURES,1794,137650.0039,34932.12709,31885.39019
823 - LYMPHOMA & NON-ACUTE LEUKEMIA W OTHER O.R. PROC W MCC,1788,144000.6381,38396.44407,34033.81879
"011 - TRACHEOSTOMY FOR FACE,MOUTH & NECK DIAGNOSES W MCC",1736,156976.2978,44407.14631,38324.79032
458 - SPINAL FUS EXC CERV W SPINAL CURV/MALIG/INFEC OR 9+ FUS W/O CC/MCC,1712,143314.9574,39151.84813,33916.50584
016 - AUTOLOGOUS BONE MARROW TRANSPLANT W CC/MCC,1711,205510.0152,59741.99825,49244.18761
495 - LOCAL EXCISION & REMOVAL INT FIX DEVICES EXC HIP & FEMUR W MCC,1699,92034.28899,23489.06769,21152.34197
"626 - THYROID, PARATHYROID & THYROGLOSSAL PROCEDURES W CC",1685,50018.45045,10888.83976,8600.134125
288 - ACUTE & SUBACUTE ENDOCARDITIS W MCC,1669,78073.91492,20508.24626,18017.30557
653 - MAJOR BLADDER PROCEDURES W MCC,1668,176467.25,45655.6307,40341.93945
606 - MINOR SKIN DISORDERS W MCC,1632,40207.20466,11574.50368,9864.995098
902 - WOUND DEBRIDEMENTS FOR INJURIES W CC,1625,54290.34892,14410.32308,12164.53969
843 - OTHER MYELOPROLIF DIS OR POORLY DIFF NEOPL DIAG W MCC,1598,56878.06571,14464.11827,12266.72278
382 - COMPLICATED PEPTIC ULCER W/O CC/MCC,1596,26868.90476,6212.545739,4731.456767
453 - COMBINED ANTERIOR/POSTERIOR SPINAL FUSION W MCC,1584,334670.4583,91454.38763,84103.4779
228 - OTHER CARDIOTHORACIC PROCEDURES W MCC,1581,223680.1645,54546.80582,48664.06388
198 - INTERSTITIAL LUNG DISEASE W/O CC/MCC,1577,24426.39505,6646.913126,5106.649334
350 - INGUINAL & FEMORAL HERNIA PROCEDURES W MCC,1573,76511.54418,18498.11316,16517.28099
727 - INFLAMMATION OF THE MALE REPRODUCTIVE SYSTEM W MCC,1558,41769.77728,10837.33248,9453.741977
"746 - VAGINA, CERVIX & VULVA PROCEDURES W CC/MCC",1555,46044.0418,11872.03859,9456.147267
642 - INBORN AND OTHER DISORDERS OF METABOLISM,1552,40486.76482,10571.03093,8463.472938
577 - SKIN GRAFT EXC FOR SKIN ULCER OR CELLULITIS W CC,1533,76788.90411,18443.5923,15556.51142
347 - ANAL & STOMAL PROCEDURES W MCC,1524,73333.28806,19663.24016,17336.6332
129 - MAJOR HEAD & NECK PROCEDURES W CC/MCC OR MAJOR DEVICE,1523,81338.09521,20576.46619,17501.25213
358 - OTHER DIGESTIVE SYSTEM O.R. PROCEDURES W/O CC/MCC,1515,44082.59472,10895.85677,8768.681848
821 - LYMPHOMA & LEUKEMIA W MAJOR O.R. PROCEDURE W CC,1501,77457.16456,20065.51832,16662.26183
814 - RETICULOENDOTHELIAL & IMMUNITY DISORDERS W MCC,1497,51878.2004,14288.83901,12192.03808
"134 - OTHER EAR, NOSE, MOUTH & THROAT O.R. PROCEDURES W/O CC/MCC",1489,38209.73875,8873.770987,6748.650772
222 - CARDIAC DEFIB IMPLANT W CARDIAC CATH W AMI/HF/SHOCK W MCC,1484,256255.7305,65653.29784,59191.50067
505 - FOOT PROCEDURES W/O CC/MCC,1483,38334.0499,9415.656777,7545.546864
"734 - PELVIC EVISCERATION, RAD HYSTERECTOMY & RAD VULVECTOMY W CC/MCC",1483,85017.59204,22489.48415,19073.71005
157 - DENTAL & ORAL DISEASES W MCC,1470,45404.22381,12671.31769,10915.56531
075 - VIRAL MENINGITIS W CC/MCC,1469,54727.64193,13445.37032,10744.43295
097 - NON-BACTERIAL INFECT OF NERVOUS SYS EXC VIRAL MENINGITIS W MCC,1460,98353.33356,25920.5911,22549.76918
858 - POSTOPERATIVE OR POST-TRAUMATIC INFECTIONS W O.R. PROC W/O CC/MCC,1454,38556.42091,9889.068776,8265.031637
456 - SPINAL FUS EXC CERV W SPINAL CURV/MALIG/INFEC OR 9+ FUS W MCC,1447,282871.7899,79102.88666,70474.67657
695 - KIDNEY & URINARY TRACT SIGNS & SYMPTOMS W MCC,1435,37723.12265,10221.03624,8988.774913
102 - HEADACHES W MCC,1434,35546.41492,8799.131799,7063.005579
663 - MINOR BLADDER PROCEDURES W CC,1428,50254.73669,11817.7605,10154.61134
614 - ADRENAL & PITUITARY PROCEDURES W CC/MCC,1424,84720.35604,22570.31671,18476.95295
666 - PROSTATECTOMY W CC,1423,53190.78215,12357.48349,10987.48278
376 - DIGESTIVE MALIGNANCY W/O CC/MCC,1418,29719.14104,7226.533145,5712.987306
958 - OTHER O.R. PROCEDURES FOR MULTIPLE SIGNIFICANT TRAUMA W CC,1414,127847.4993,34782.13225,27673.42008
598 - MALIGNANT BREAST DISORDERS W CC,1397,32874.36292,8708.937008,7105.544739
182 - RESPIRATORY NEOPLASMS W/O CC/MCC,1391,28135.00288,6337.508267,4999.977714
020 - INTRACRANIAL VASCULAR PROCEDURES W PDX HEMORRHAGE W MCC,1390,329154.1072,84386.51367,75241.50288
940 - O.R. PROC W DIAGNOSES OF OTHER CONTACT W HEALTH SERVICES W CC,1389,58341.66595,15230.10943,12509.59251
"757 - INFECTIONS, FEMALE REPRODUCTIVE SYSTEM W MCC",1380,39325.32536,10824.44638,9708.550725
090 - CONCUSSION W/O CC/MCC,1357,27287.1238,6827.039057,4961.753869
"744 - D&C, CONIZATION, LAPAROSCOPY & TUBAL INTERRUPTION W CC/MCC",1353,54392.24982,12770.42498,10751.71323
223 - CARDIAC DEFIB IMPLANT W CARDIAC CATH W AMI/HF/SHOCK W/O MCC,1351,189452.0792,46493.63212,41400.19467
094 - BACTERIAL & TUBERCULOUS INFECTIONS OF NERVOUS SYSTEM W MCC,1349,105703.9451,28234.51668,24736.51742
"513 - HAND OR WRIST PROC, EXCEPT MAJOR THUMB OR JOINT PROC W CC/MCC",1337,47013.85714,11527.77188,9380.838444
080 - NONTRAUMATIC STUPOR & COMA W MCC,1335,38369.3618,10157.86667,8740.462921
262 - CARDIAC PACEMAKER REVISION EXCEPT DEVICE REPLACEMENT W/O CC/MCC,1331,46086.42149,10213.20887,8574.193839
686 - KIDNEY & URINARY TRACT NEOPLASMS W MCC,1316,50607.14514,13846.01824,12079.35486
485 - KNEE PROCEDURES W PDX OF INFECTION W MCC,1313,97930.00381,25110.01295,22262.07388
"723 - MALIGNANCY, MALE REPRODUCTIVE SYSTEM W CC",1302,33372.14132,8439.671275,6936.036098
827 - MYELOPROLIF DISORD OR POORLY DIFF NEOPL W MAJ O.R. PROC W CC,1302,79062.59677,20106.26728,16368.44163
578 - SKIN GRAFT EXC FOR SKIN ULCER OR CELLULITIS W/O CC/MCC,1291,48259.99845,12059.41751,9386.472502
655 - MAJOR BLADDER PROCEDURES W/O CC/MCC,1288,79020.0854,18062.79037,14854.97904
131 - CRANIAL/FACIAL PROCEDURES W CC/MCC,1280,82847.84219,20211.88125,17338.89844
423 - OTHER HEPATOBILIARY OR PANCREAS O.R. PROCEDURES W MCC,1274,136566.0997,37751.91444,33027.07143
498 - LOCAL EXCISION & REMOVAL INT FIX DEVICES OF HIP & FEMUR W CC/MCC,1273,69073.48311,17465.02671,14798.11783
"754 - MALIGNANCY, FEMALE REPRODUCTIVE SYSTEM W MCC",1271,58673.56727,15922.15264,14153.7081
150 - EPISTAXIS W MCC,1261,35172.44885,10188.36638,8860.773989
549 - SEPTIC ARTHRITIS W CC,1261,34523.2839,8598.379857,7025.445678
"922 - OTHER INJURY, POISONING & TOXIC EFFECT DIAG W MCC",1242,47083.72222,12290.56924,10494.17713
332 - RECTAL RESECTION W MCC,1237,131800.8755,33145.865,29890.05255
437 - MALIGNANCY OF HEPATOBILIARY SYSTEM OR PANCREAS W/O CC/MCC,1235,31084.40486,7613.916599,6193.296356
822 - LYMPHOMA & LEUKEMIA W MAJOR O.R. PROCEDURE W/O CC/MCC,1227,47425.98778,10939.20701,8510.888346
052 - SPINAL DISORDERS & INJURIES W CC/MCC,1192,48174.12248,12151.58725,10129.69463
595 - MAJOR SKIN DISORDERS W MCC,1179,55999.13401,16332.17812,14088.53435
928 - FULL THICKNESS BURN W SKIN GRAFT OR INHAL INJ W CC/MCC,1159,171418.9094,53279.41156,47612.55393
838 - CHEMO W ACUTE LEUKEMIA AS SDX W CC OR HIGH DOSE CHEMO AGENT,1150,90774.3687,29192.34174,23741.30783
829 - MYELOPROLIF DISORD OR POORLY DIFF NEOPL W OTHER O.R. PROC W CC/MCC,1148,110278.7605,29223.92857,25544.4277
566 - OTHER MUSCULOSKELETAL SYS & CONNECTIVE TISSUE DIAGNOSES W/O CC/MCC,1145,22461.65328,5877.452402,4629.230568
383 - UNCOMPLICATED PEPTIC ULCER W MCC,1142,42660.93958,10518.14361,8963.411559
231 - CORONARY BYPASS W PTCA W MCC,1139,255698.6673,58148.52941,51745.52678
095 - BACTERIAL & TUBERCULOUS INFECTIONS OF NERVOUS SYSTEM W CC,1111,73308.75068,18169.08281,15246.42754
820 - LYMPHOMA & LEUKEMIA W MAJOR O.R. PROCEDURE W MCC,1103,195885.3663,51853.20852,46046.69719
159 - DENTAL & ORAL DISEASES W/O CC/MCC,1085,20105.34009,5475.629493,4047.946544
005 - LIVER TRANSPLANT W MCC OR INTESTINAL TRANSPLANT,1084,498763.5157,124144.881,97166.77952
839 - CHEMO W ACUTE LEUKEMIA AS SDX W/O CC/MCC,1080,40850.40556,12752.20463,10470.33981
241 - AMPUTATION FOR CIRC SYS DISORDERS EXC UPPER LIMB & TOE W/O CC/MCC,1068,39673.4588,9854.917603,8551.227528
503 - FOOT PROCEDURES W MCC,1050,67816.72381,17802.90476,15522.43619
031 - VENTRICULAR SHUNT PROCEDURES W MCC,1045,109274.9703,30364.11866,27121.38947
619 - O.R. PROCEDURES FOR OBESITY W MCC,1044,92685.44349,28838.70498,25372.44923
600 - NON-MALIGNANT BREAST DISORDERS W CC/MCC,1041,28562.79059,7857.372719,6303.646494
476 - AMPUTATION FOR MUSCULOSKELETAL SYS & CONN TISSUE DIS W/O CC/MCC,1039,34826.78152,8628.3359,6800.628489
615 - ADRENAL & PITUITARY PROCEDURES W/O CC/MCC,1039,51757.30799,12450.25313,9900.905679
067 - NONSPECIFIC CVA & PRECEREBRAL OCCLUSION W/O INFARCT W MCC,1032,46489.52422,10916.86337,9391.485465
338 - APPENDECTOMY W COMPLICATED PRINCIPAL DIAG W MCC,1027,91228.47517,23138.1889,20178.19961
098 - NON-BACTERIAL INFECT OF NERVOUS SYS EXC VIRAL MENINGITIS W CC,1025,60348.71805,15413.07707,12322.02049
344 - MINOR SMALL & LARGE BOWEL PROCEDURES W MCC,1022,94618.32681,27538.30137,24281.60861
"147 - EAR, NOSE, MOUTH & THROAT MALIGNANCY W CC",1019,39017.96958,10532.49951,8647.217861
370 - MAJOR ESOPHAGEAL DISORDERS W/O CC/MCC,1019,23420.9578,5974.343474,4467.142296
"622 - SKIN GRAFTS & WOUND DEBRID FOR ENDOC, NUTRIT & METAB DIS W MCC",1005,91745.69751,24007.74129,21572.96318
"510 - SHOULDER,ELBOW OR FOREARM PROC,EXC MAJOR JOINT PROC W MCC",994,72791.22938,16677.27465,14264.74447
803 - OTHER O.R. PROC OF THE BLOOD & BLOOD FORMING ORGANS W CC,993,59979.72608,14865.42296,12631.65861
"585 - BREAST BIOPSY, LOCAL EXCISION & OTHER BREAST PROCEDURES W/O CC/MCC",986,51229.74645,12086.24442,8706.634888
487 - KNEE PROCEDURES W PDX OF INFECTION W/O CC/MCC,982,45680.40122,11429.29124,9260.967413
"625 - THYROID, PARATHYROID & THYROGLOSSAL PROCEDURES W MCC",981,84276.64322,20639.01835,17997.32008
058 - MULTIPLE SCLEROSIS & CEREBELLAR ATAXIA W MCC,967,53498.86867,14761.12306,11472.13961
130 - MAJOR HEAD & NECK PROCEDURES W/O CC/MCC,967,50038.85212,11808.41365,9040.961737
088 - CONCUSSION W MCC,966,45131.52381,11734.3499,9896.897516
"735 - PELVIC EVISCERATION, RAD HYSTERECTOMY & RAD VULVECTOMY W/O CC/MCC",966,43772.84576,9753.064182,7810.541408
137 - MOUTH PROCEDURES W CC/MCC,956,45711.79916,11242.36297,9245.230126
541 - OSTEOMYELITIS W/O CC/MCC,954,25939.49161,7663.69392,6276.689727
749 - OTHER FEMALE REPRODUCTIVE SYSTEM O.R. PROCEDURES W CC/MCC,949,83794.87144,21943.26765,18520.42887
232 - CORONARY BYPASS W PTCA W/O MCC,913,188758.3735,41604.06681,34272.82694
408 - BILIARY TRACT PROC EXCEPT ONLY CHOLECYST W OR W/O C.D.E. W MCC,906,116786.2384,32171.65232,28937.74172
816 - RETICULOENDOTHELIAL & IMMUNITY DISORDERS W/O CC/MCC,896,24454.85714,5754.40067,4398.178571
574 - SKIN GRAFT FOR SKIN ULCER OR CELLULITIS W CC,887,77386.6009,20156.28298,17331.96843
883 - DISORDERS OF PERSONALITY & IMPULSE CONTROL,886,28902.90181,10533.28104,8926.401806
913 - TRAUMATIC INJURY W MCC,874,42440.15789,10049.64531,8420.360412
691 - URINARY STONES W ESW LITHOTRIPSY W CC/MCC,868,45206.39977,10627.82719,8951.762673
409 - BILIARY TRACT PROC EXCEPT ONLY CHOLECYST W OR W/O C.D.E. W CC,861,80590.52149,19567.9338,16741.61324
533 - FRACTURES OF FEMUR W MCC,858,39596.32401,10649.34499,8872.540793
289 - ACUTE & SUBACUTE ENDOCARDITIS W CC,852,48278.86737,13254.42958,11408.32394
675 - OTHER KIDNEY & URINARY TRACT PROCEDURES W/O CC/MCC,846,49360.83806,11031.987,9161.87234
664 - MINOR BLADDER PROCEDURES W/O CC/MCC,841,40924.1522,9852.80975,8016.141498
597 - MALIGNANT BREAST DISORDERS W MCC,833,52443.07683,13508.62305,11379.40576
124 - OTHER DISORDERS OF THE EYE W MCC,829,37553.05187,10233.69964,8379.232811
965 - OTHER MULTIPLE SIGNIFICANT TRAUMA W/O CC/MCC,821,31008.4933,8456.588307,6178.783191
976 - HIV W MAJOR RELATED CONDITION W/O CC/MCC,818,30810.99878,9205.694377,7444.454768
941 - O.R. PROC W DIAGNOSES OF OTHER CONTACT W HEALTH SERVICES W/O CC/MCC,817,43074.38066,11140.23501,9068.780906
951 - OTHER FACTORS INFLUENCING HEALTH STATUS,814,28831.46437,14146.03563,12071.13882
901 - WOUND DEBRIDEMENTS FOR INJURIES W MCC,811,149421.3329,42672.94081,38553.81381
014 - ALLOGENEIC BONE MARROW TRANSPLANT,801,391784.6592,120568.0612,97948.11236
825 - LYMPHOMA & NON-ACUTE LEUKEMIA W OTHER O.R. PROC W/O CC/MCC,800,49035.33625,10818.1075,8380.4025
218 - CARDIAC VALVE & OTH MAJ CARDIOTHORACIC PROC W CARD CATH W/O CC/MCC,798,168930.2055,40966.76942,36544.11654
667 - PROSTATECTOMY W/O CC/MCC,798,31437.08897,7066.919799,5573.649123
836 - ACUTE LEUKEMIA W/O MAJOR O.R. PROCEDURE W/O CC/MCC,797,34665.63488,9818.483061,8331.887077
341 - APPENDECTOMY W/O COMPLICATED PRINCIPAL DIAG W MCC,795,68220.69182,17039.46667,14603.31447
828 - MYELOPROLIF DISORD OR POORLY DIFF NEOPL W MAJ O.R. PROC W/O CC/MCC,783,53103.29885,12144.38697,9228.002554
729 - OTHER MALE REPRODUCTIVE SYSTEM DIAGNOSES W CC/MCC,782,33114.36573,9051.511509,7441.217391
717 - OTHER MALE REPRODUCTIVE SYSTEM O.R. PROC EXC MALIGNANCY W CC/MCC,780,53462.55641,13435.27436,11623.18462
"013 - TRACHEOSTOMY FOR FACE,MOUTH & NECK DIAGNOSES W/O CC/MCC",775,76806.49548,19537.18839,16144.83226
802 - OTHER O.R. PROC OF THE BLOOD & BLOOD FORMING ORGANS W MCC,773,105953.0129,27436.8577,24618.10867
736 - UTERINE & ADNEXA PROC FOR OVARIAN OR ADNEXAL MALIGNANCY W MCC,765,139929.0353,35080.7281,31723.63007
034 - CAROTID ARTERY STENT PROCEDURE W MCC,762,114196.4751,26027.49344,23575.58661
662 - MINOR BLADDER PROCEDURES W MCC,744,87505.43683,22636.17473,20318.80242
826 - MYELOPROLIF DISORD OR POORLY DIFF NEOPL W MAJ O.R. PROC W MCC,733,173442.6726,45734.79945,39603.83629
"146 - EAR, NOSE, MOUTH & THROAT MALIGNANCY W MCC",731,60601.0985,17698.22435,15433.14364
985 - PROSTATIC O.R. PROCEDURE UNRELATED TO PRINCIPAL DIAGNOSIS W CC,727,59104.25447,13915.01926,12117.51857
"537 - SPRAINS, STRAINS, & DISLOCATIONS OF HIP, PELVIS & THIGH W CC/MCC",722,27623.59141,6789.15374,5476.387812
079 - HYPERTENSIVE ENCEPHALOPATHY W/O CC/MCC,721,23904.53259,5689.468793,4336.940361
115 - EXTRAOCULAR PROCEDURES EXCEPT ORBIT,721,44948.82802,11890.56449,9343.68932
"759 - INFECTIONS, FEMALE REPRODUCTIVE SYSTEM W/O CC/MCC",709,22389.69394,5838.8378,4589.122708
265 - AICD LEAD PROCEDURES,703,89343.03556,21490.25605,18815.66145
"584 - BREAST BIOPSY, LOCAL EXCISION & OTHER BREAST PROCEDURES W CC/MCC",701,54310.98431,13646.41084,11031.89729
"285 - ACUTE MYOCARDIAL INFARCTION, EXPIRED W/O CC/MCC",678,18395.25811,4196.631268,3080.765487
671 - URETHRAL PROCEDURES W CC/MCC,678,50705.14012,12485.58702,10683.87168
"514 - HAND OR WRIST PROC, EXCEPT MAJOR THUMB OR JOINT PROC W/O CC/MCC",666,29658.05105,7465.62012,5555.48048
939 - O.R. PROC W DIAGNOSES OF OTHER CONTACT W HEALTH SERVICES W MCC,665,89927.98947,25472.16842,22807.36692
776 - POSTPARTUM & POST ABORTION DIAGNOSES W/O O.R. PROCEDURE,652,20597.28221,7203.45092,6219.690184
424 - OTHER HEPATOBILIARY OR PANCREAS O.R. PROCEDURES W CC,648,75759.83642,19558.06173,16445.92901
421 - HEPATOBILIARY DIAGNOSTIC PROCEDURES W CC,647,58139.41113,14554.28284,12010.09892
725 - BENIGN PROSTATIC HYPERTROPHY W MCC,644,39348.51553,9908.795031,8688.529503
"739 - UTERINE,ADNEXA PROC FOR NON-OVARIAN/ADNEXAL MALIG W MCC",641,111377.8986,28994.24961,24644.92824
113 - ORBITAL PROCEDURES W CC/MCC,632,70718.09652,17908.21835,14984.39557
601 - NON-MALIGNANT BREAST DISORDERS W/O CC/MCC,631,19107.6038,5575.877971,4143.226624
905 - SKIN GRAFTS FOR INJURIES W/O CC/MCC,609,45692.08539,11401.03612,9251.108374
738 - UTERINE & ADNEXA PROC FOR OVARIAN OR ADNEXAL MALIGNANCY W/O CC/MCC,605,45822.53884,10893.07438,8440.652893
906 - HAND PROCEDURES FOR INJURIES,600,55376.71667,14329.565,11424.56833
132 - CRANIAL/FACIAL PROCEDURES W/O CC/MCC,592,51517.38345,12739.68412,9722.625
121 - ACUTE MAJOR EYE INFECTIONS W CC/MCC,585,30961.02051,9363.705983,7600.023932
903 - WOUND DEBRIDEMENTS FOR INJURIES W/O CC/MCC,584,36429.65753,8972.601027,7463.806507
876 - O.R. PROCEDURE W PRINCIPAL DIAGNOSES OF MENTAL ILLNESS,580,83468.20345,23141.33103,19754.43966
258 - CARDIAC PACEMAKER DEVICE REPLACEMENT W MCC,579,83610.95509,19401.84111,17850.54404
420 - HEPATOBILIARY DIAGNOSTIC PROCEDURES W MCC,578,119072.7491,30934.3045,26744.1955
934 - FULL THICKNESS BURN W/O SKIN GRFT OR INHAL INJ,577,46941.56326,15037.91508,12766.67764
507 - MAJOR SHOULDER OR ELBOW JOINT PROCEDURES W CC/MCC,575,56797.31652,14762.25913,12936.73043
969 - HIV W EXTENSIVE O.R. PROCEDURE W MCC,561,172857.836,48835.00357,45167.44742
709 - PENIS PROCEDURES W CC/MCC,558,62056.61649,17264.19176,14916.75269
849 - RADIOTHERAPY,557,56317.6912,13494.24417,11575.15978
506 - MAJOR THUMB OR JOINT PROCEDURES,554,41824.68051,9606.81769,7614.944043
"297 - CARDIAC ARREST, UNEXPLAINED W CC",553,22243.14286,5247.396022,4289.614828
665 - PROSTATECTOMY W MCC,553,93903.06872,23695.71971,21508.11754
761 - MENSTRUAL & OTHER FEMALE REPRODUCTIVE SYSTEM DISORDERS W/O CC/MCC,539,18182.63636,5032.834879,3619.654917
711 - TESTES PROCEDURES W CC/MCC,536,63062.53172,16166.73134,13904.90485
"722 - MALIGNANCY, MALE REPRODUCTIVE SYSTEM W MCC",533,52670.93433,12995.49906,11357.95497
076 - VIRAL MENINGITIS W/O CC/MCC,529,28333.46692,7133.015123,4993.930057
138 - MOUTH PROCEDURES W/O CC/MCC,525,29091.42857,7477.078095,5611.914286
139 - SALIVARY GLAND PROCEDURES,521,35998.24952,8303.796545,6381.247601
096 - BACTERIAL & TUBERCULOUS INFECTIONS OF NERVOUS SYSTEM W/O CC/MCC,517,71508.81431,15563.26306,12317.84333
594 - SKIN ULCERS W/O CC/MCC,516,19203.72481,5860.802326,4660.79845
499 - LOCAL EXCISION & REMOVAL INT FIX DEVICES OF HIP & FEMUR W/O CC/MCC,508,33786.22244,7801.179134,5983.714567
848 - CHEMOTHERAPY W/O ACUTE LEUKEMIA AS SECONDARY DIAGNOSIS W/O CC/MCC,508,29544.27559,7928.864173,6770.761811
869 - OTHER INFECTIOUS & PARASITIC DISEASES DIAGNOSES W/O CC/MCC,504,23251.59127,6457.60119,4878.968254
007 - LUNG TRANSPLANT,498,495615.006,108651.8896,79971.99598
548 - SEPTIC ARTHRITIS W MCC,490,55584.31224,14712.25714,12926.45714
804 - OTHER O.R. PROC OF THE BLOOD & BLOOD FORMING ORGANS W/O CC/MCC,489,40529.40082,9514.233129,7355.99591
230 - OTHER CARDIOTHORACIC PROCEDURES W/O CC/MCC,478,141094.841,28014.96444,22818.87866
550 - SEPTIC ARTHRITIS W/O CC/MCC,472,22987.2839,6674.029661,5226.538136
799 - SPLENECTOMY W MCC,466,147351.9893,39298.24249,35532.37768
984 - PROSTATIC O.R. PROCEDURE UNRELATED TO PRINCIPAL DIAGNOSIS W MCC,456,98038,24938.15132,22595.05263
955 - CRANIOTOMY FOR MULTIPLE SIGNIFICANT TRAUMA,453,190513.4547,48728.81898,41980.15453
800 - SPLENECTOMY W CC,449,87321.46548,20661.37639,17939.63697
886 - BEHAVIORAL & DEVELOPMENTAL DISORDERS,449,19826.62584,7748.478842,6031.47216
710 - PENIS PROCEDURES W/O CC/MCC,437,44082.99542,11400.89703,9091.826087
294 - DEEP VEIN THROMBOPHLEBITIS W CC/MCC,436,28708.34633,7719.449541,6074.958716
"745 - D&C, CONIZATION, LAPAROSCOPY & TUBAL INTERRUPTION W/O CC/MCC",435,34423.38391,7637.441379,6172.126437
845 - OTHER MYELOPROLIF DIS OR POORLY DIFF NEOPL DIAG W/O CC/MCC,427,27111.7822,6769.306792,5212.803279
697 - URETHRAL STRICTURE,424,28362.09198,6575.700472,5283.525943
715 - OTHER MALE REPRODUCTIVE SYSTEM O.R. PROC FOR MALIGNANCY W CC/MCC,424,59966.85849,16706.5283,14360.70047
576 - SKIN GRAFT EXC FOR SKIN ULCER OR CELLULITIS W MCC,421,169084.5321,41494.99762,37300.3658
"538 - SPRAINS, STRAINS, & DISLOCATIONS OF HIP, PELVIS & THIGH W/O CC/MCC",417,19589.91607,5533.702638,4115.872902
099 - NON-BACTERIAL INFECT OF NERVOUS SYS EXC VIRAL MENINGITIS W/O CC/MCC,408,42516.57353,11137.4951,8095.088235
008 - SIMULTANEOUS PANCREAS/KIDNEY TRANSPLANT,402,369025.0871,72101.00746,45023.58955
949 - AFTERCARE W CC/MCC,402,30814.47264,10384.3408,8609.052239
412 - CHOLECYSTECTOMY W C.D.E. W CC,401,78778.54115,16993.64339,15183.1197
887 - OTHER MENTAL DISORDER DIAGNOSES,397,27212.5995,7833.216625,6422.619647
021 - INTRACRANIAL VASCULAR PROCEDURES W PDX HEMORRHAGE W CC,396,232698.6667,59694.12626,50890.30051
461 - BILATERAL OR MULTIPLE MAJOR JOINT PROCS OF LOWER EXTREMITY W MCC,394,145664.1929,39263.17259,32882.54569
929 - FULL THICKNESS BURN W SKIN GRAFT OR INHAL INJ W/O CC/MCC,380,75530.64737,22540.58421,19754.50789
053 - SPINAL DISORDERS & INJURIES W/O CC/MCC,371,30010.80323,7712.851752,5730.439353
116 - INTRAOCULAR PROCEDURES W CC/MCC,369,51146.81843,14760.69377,12403.11111
672 - URETHRAL PROCEDURES W/O CC/MCC,369,32415.99187,8173.336043,6364.075881
778 - THREATENED ABORTION,369,12770.08672,6222.929539,4761.197832
508 - MAJOR SHOULDER OR ELBOW JOINT PROCEDURES W/O CC/MCC,366,47778.96175,10060.25137,8128.019126
688 - KIDNEY & URINARY TRACT NEOPLASMS W/O CC/MCC,364,22693.56319,6290.318681,4772.777473
006 - LIVER TRANSPLANT W/O MCC,353,282170.3796,57025.13031,40657.85552
411 - CHOLECYSTECTOMY W C.D.E. W MCC,349,114367.7106,26927.33811,24376.34097
135 - SINUS & MASTOID PROCEDURES W CC/MCC,335,64518.92239,16875.7403,13509.4806
"298 - CARDIAC ARREST, UNEXPLAINED W/O CC/MCC",322,14569.28882,3702.60559,2914.42236
575 - SKIN GRAFT FOR SKIN ULCER OR CELLULITIS W/O CC/MCC,321,46363.99377,11804.76636,9666.82866
855 - INFECTIOUS & PARASITIC DISEASES W O.R. PROCEDURE W/O CC/MCC,314,47010.76433,12283.26115,10046.08917
"148 - EAR, NOSE, MOUTH & THROAT MALIGNANCY W/O CC/MCC",305,27210.29836,6934.577049,5444.452459
263 - VEIN LIGATION & STRIPPING,295,61936.84068,15971.02712,13416.61017
986 - PROSTATIC O.R. PROCEDURE UNRELATED TO PRINCIPAL DIAGNOSIS W/O CC/MCC,294,37740.0034,7478.306122,6215.037415
"630 - OTHER ENDOCRINE, NUTRIT & METAB O.R. PROC W/O CC/MCC",290,44830.6,10424.31379,8415.424138
002 - HEART TRANSPLANT OR IMPLANT OF HEART ASSIST SYSTEM W/O MCC,280,534196.7821,152499.6786,127489.0357
410 - BILIARY TRACT PROC EXCEPT ONLY CHOLECYST W OR W/O C.D.E. W/O CC/MCC,276,52329.26812,12525.79348,9964.235507
122 - ACUTE MAJOR EYE INFECTIONS W/O CC/MCC,275,17097.41091,5958.414545,4387.356364
750 - OTHER FEMALE REPRODUCTIVE SYSTEM O.R. PROCEDURES W/O CC/MCC,268,44434.32463,10520.33955,7639.197761
257 - UPPER LIMB & TOE AMPUTATION FOR CIRC SYSTEM DISORDERS W/O CC/MCC,262,32113.62214,7617.041985,6353.438931
215 - OTHER HEART ASSIST SYSTEM IMPLANT,261,504043.2682,135879.8812,125457.7165
830 - MYELOPROLIF DISORD OR POORLY DIFF NEOPL W OTHER O.R. PROC W/O CC/MCC,261,48184.35632,11428.69349,9174.812261
801 - SPLENECTOMY W/O CC/MCC,258,55182.45736,12719.22481,10514.37597
114 - ORBITAL PROCEDURES W/O CC/MCC,254,43919.03937,10674.48425,8160.980315
413 - CHOLECYSTECTOMY W C.D.E. W/O CC/MCC,241,56344.77593,12412.6971,10886.12033
"756 - MALIGNANCY, FEMALE REPRODUCTIVE SYSTEM W/O CC/MCC",223,20337.40807,5957.874439,4721.838565
718 - OTHER MALE REPRODUCTIVE SYSTEM O.R. PROC EXC MALIGNANCY W/O CC/MCC,204,29519.59804,7080.553922,5482
117 - INTRAOCULAR PROCEDURES W/O CC/MCC,197,30239.77157,8832.994924,6446.329949
434 - CIRRHOSIS & ALCOHOLIC HEPATITIS W/O CC/MCC,193,21611.90155,5577.963731,4394.248705
927 - EXTENSIVE BURNS OR FULL THICKNESS BURNS W MV 96+ HRS W SKIN GRAFT,189,504974.3069,152021.5503,143281.7672
017 - AUTOLOGOUS BONE MARROW TRANSPLANT W/O CC/MCC,187,141672.5722,42265.11765,32165.64171
712 - TESTES PROCEDURES W/O CC/MCC,185,31392.46486,7570.832432,6220.275676
136 - SINUS & MASTOID PROCEDURES W/O CC/MCC,184,44074.59239,8969.266304,6965.288043
"624 - SKIN GRAFTS & WOUND DEBRID FOR ENDOC, NUTRIT & METAB DIS W/O CC/MCC",177,35413.96045,8681.666667,6134.559322
959 - OTHER O.R. PROCEDURES FOR MULTIPLE SIGNIFICANT TRAUMA W/O CC/MCC,172,73207.2907,21679.93605,17958.19767
509 - ARTHROSCOPY,165,50639.98182,10437.13939,8574.242424
730 - OTHER MALE REPRODUCTIVE SYSTEM DIAGNOSES W/O CC/MCC,162,18505.66049,5640.740741,4260.240741
422 - HEPATOBILIARY DIAGNOSTIC PROCEDURES W/O CC/MCC,150,44499.72,10436.19333,7727.193333
950 - AFTERCARE W/O CC/MCC,148,16431.17568,5619.405405,4153.027027
692 - URINARY STONES W ESW LITHOTRIPSY W/O CC/MCC,142,34565.30282,7634.929577,6154.34507
290 - ACUTE & SUBACUTE ENDOCARDITIS W/O CC/MCC,141,32371.25532,9379.836879,7811.234043
933 - EXTENSIVE BURNS OR FULL THICKNESS BURNS W MV 96+ HRS W/O SKIN GRAFT,136,97824.18382,40830.38235,38063.76471
782 - OTHER ANTEPARTUM DIAGNOSES W/O MEDICAL COMPLICATIONS,129,14178.57364,4557.310078,3436.302326
"618 - AMPUTAT OF LOWER LIMB FOR ENDOCRINE,NUTRIT,& METABOL DIS W/O CC/MCC",115,33570.89565,9632.391304,7922.965217
716 - OTHER MALE REPRODUCTIVE SYSTEM O.R. PROC FOR MALIGNANCY W/O CC/MCC,114,43954.33333,9438.745614,6679.061404
"724 - MALIGNANCY, MALE REPRODUCTIVE SYSTEM W/O CC/MCC",111,19622.61261,5747.918919,3939.873874
777 - ECTOPIC PREGNANCY,110,32044.28182,8354.081818,6561.872727
"770 - ABORTION W D&C, ASPIRATION CURETTAGE OR HYSTEROTOMY",105,26225.80952,7549.038095,5896.809524
022 - INTRACRANIAL VASCULAR PROCEDURES W PDX HEMORRHAGE W/O CC/MCC,104,157142.5962,39728.25962,31859.25
769 - POSTPARTUM & POST ABORTION DIAGNOSES W O.R. PROCEDURE,101,72284.82178,19860.87129,17449.21782
295 - DEEP VEIN THROMBOPHLEBITIS W/O CC/MCC,99,21705.0404,5230.848485,4036.505051
425 - OTHER HEPATOBILIARY OR PANCREAS O.R. PROCEDURES W/O CC/MCC,98,51087.67347,13086.76531,10805.92857
599 - MALIGNANT BREAST DISORDERS W/O CC/MCC,94,22210.51064,6057.744681,4795.893617
767 - VAGINAL DELIVERY W STERILIZATION &/OR D&C,93,37407.87097,10448.69892,8316.956989
779 - ABORTION W/O D&C,91,20715.2967,5893.43956,4531.692308
010 - PANCREAS TRANSPLANT,64,256192,66034.9375,28924.5625
970 - HIV W EXTENSIVE O.R. PROCEDURE W/O MCC,55,84830.76364,19401.76364,16738.8
780 - FALSE LABOR,20,7372.45,2756.2,1741.6
768 - VAGINAL DELIVERY W O.R. PROC EXCEPT STERIL &/OR D&C,16,31963,8211.75,6940.5
